,Accuracy,Precision,Recall,F1-score
Decision Tree,0.7987012987012987,0.7169811320754716,0.7037037037037037,0.7102803738317757
